GENERATED BY NA BATKO VI STANISLAV SCRIPTA,,
Hash,Output name
82e7bff5,results.csv
7d2544d7,result.csv
4ba9968b,result.html
bad8d1c2,result.csv
f33e8621,result.xml
46025b3d,result.csv
07c5163f,result.xml
be4045,results.xml
5fcdeb,results.csv
6b3f48,result_FirstName_LastName_ClassNumber.xml
d614ce69,results.csv
44e94fc4,result.csv
8fc44197,results.csv
769ce879,result.xml
f5e768,result.html
ad735a,results.xml
990d42f4,result.html
fc2f56,result.html
f76433c1,result.xml
5b868a,results.csv
8a6e81,result_FirstName_LastName_ClassNumber.xml
bd4324,result.html
755d84,result_FirstName_LastName_ClassNumber.xml
6c3d2ca8,result.xml
209924b8,result.csv
28f32354,result.xml
c490f9,results.xml
c79cebde,results.csv
02e338,result.html
600ed2d4,results.csv
fcb67d,results.xml
756775a3,results.csv
193e7097,result.json
2bef4341,result.xml
926cb799,result.csv
ccaf7125,result.csv
29bf3f,results.json
2c40c53d,results.csv
a059b1d0,results.csv
a853d0bc,result.json
582de2e5,result.xml
65f58070,result.xml
b128c3,result.html
a3326c,results.csv
fd50e0,result.html
279960a1,result.csv
14d2c190,results.csv
007ac6de,result.html
27ed8788,results.csv
f74e194f,results.csv
3ab87c,results.csv
da3e5702,result.xml
056026a5,result.xml
247f98f1,results.csv
03c6ca26,result.csv
6639cd,result.html
a91983ab,results.csv
2899304a,results.csv
973068,result.html
7097778f,result.xml
fce4d375,result.xml
1a7b3031,result.csv
a73f9719,result.xml
e2d2e61b,results.csv
db2c5549,result.xml
6f8073,result_FirstName_LastName_ClassNumber.xml
32029752,result.html
6933f104,result.html
e68e2949,results.csv
